name,price
Porta Gorras New era carrier 2 pack Negro Unitalla,MXN$679.00
Porta Gorras Cap Carrier 2CAP Camuflaje 6pzas,MXN$699.00
Porta Gorras New Era Carrier 2 Pack Woodcamo,MXN$679.00
Porta Gorras New Era carrier 6 pack Negro Unitalla,MXN$749.00
Gorra Preto Saten Negro Unitalla,MXN$299.50
Gorra Preto Original Curved Negro Unitalla,MXN$299.50
Gorra Field Grade Respectfully Blk Corduroy 1004491 Unitalla,MXN$749.00
Gorra Ranch Corral Yellowstone 12 Yw12 Negro Unitalla,MXN$695.00
Gorra Field Grade Beware Of Dog 1004592 Verde Unitalla,MXN$749.00
Gorra Fox Legacy Negro,MXN$599.00
Gorra Puma Flatbrim Negro Unitalla,MXN$549.00
Gorra Clover Garments Red Heart Beige Ss24 Unitalla,MXN$950.00
Gorra Clover Garments Good Vibes Beige Ss24 Unitalla,MXN$950.00
Gorra Field Grade I Feel Fine Deep Nvy Corduroy 1003938 Unitalla,MXN$749.00
Gorra Hurley HIHM0060 Phantom Natural Negro,MXN$829.00
Gorra Hurley HIHM0059 Phantom Resist Gray,MXN$799.00
Gorra Malandro Multicolor Skull Negro Unitalla,MXN$294.50
Gorra Malandro Red Heart Negro Unitalla,MXN$294.50
Gorra Field Grade Have A Nice Day Sand Unitallahat 1004137 Beige Unitalla,MXN$649.00
Gorra New Era 9 Forty Orbr Patch Ef Trucker Red Bull Negro Unitalla,MXN$899.00
Gorra Hurley HIHM0060 Phantom Natural Pacific Blue,MXN$829.00
Gorra Fox Flexfit 45 Negra,MXN$745.00
Gorra John Deere 13080865 Amarillo Unitalla,MXN$499.00
Gorra Core Flume Negro Unitalla,MXN$274.50
Gorra Field Grade Respectfully Deep Nvy 1004456 Unitalla,MXN$749.00
Gorra Formula 1 Pirelli Podio 150 Anniversary Negro Unitalla,"MXN$1,499.00"
Gorra Hurley HIHM0059 Phantom Resist Coastal Blue,MXN$799.00
Gorra Fox 23691 Non Stop Azul/Negro,MXN$749.00
Gorra Fox Transposition Flexfit Gris/Azul,MXN$749.00
Gorra Field Grade Respectfully Blk Twill/Suede 1004715 Unitalla,MXN$749.00
Gorra Clover Garments Boo Ss24 Beige Unitalla,MXN$950.00
Gorra Antifashion Snapback Parental Vino Unitalla,MXN$299.40
Gorra Field Grade No Love Club Blk 1004199 Negro Unitalla,MXN$649.00
Gorra Hooey Dallas Obsidian Blanco Unitalla,MXN$899.00
Gorra Petro Camo Negro Unitalla,MXN$299.50
Gorra Hurley HNHM0002 One and Only Vino,MXN$829.00
