Nombre del producto,Precio del producto
Porta Gorras Cap Carrier 2CAP Camuflaje 6pzas,MXN$699.00
Porta Gorras New Era Carrier 2 Pack Woodcamo,MXN$679.00
Porta Gorras New era carrier 2 pack Negro Unitalla,MXN$679.00
Gorra Preto Saten Negro Unitalla,MXN$599.00
Gorra Preto Original Curved Negro Unitalla,MXN$239.60
Gorra Petro Camo Negro Unitalla,MXN$599.00
Gorra Fox Legacy Negro,MXN$599.00
Gorra Preto Original Snapback Negro Unitalla,MXN$239.60
Gorra Puma Flatbrim Negro Unitalla,MXN$549.00
Gorra Rvca Commonwealth Negro Unitalla,MXN$499.00
Gorra Hurley HIHM0060 Phantom Natural Negro,MXN$829.00
Gorra Hurley HIHM0059 Phantom Resist Gray,MXN$799.00
Gorra Rvca VaTrucker Negro Unitalla,MXN$499.00
Gorra Malandro Red Heart Negro Unitalla,MXN$294.50
Gorra Malandro Multicolor Skull Negro Unitalla,MXN$294.50
Gorra Fox Flexfit 45 Negra,MXN$745.00
Gorra New Era 9 Forty Aop Red Bull Xmt Rojo Unitalla,MXN$899.00
Gorra Core Flume Negro Unitalla,MXN$549.00
Gorra RVCA Snapback Forge Kakhy Unitalla,MXN$499.00
Gorra Hurley HIHM0060 Phantom Natural Pacific Blue,MXN$829.00
Gorra John Deere 13080865 Amarillo Unitalla,MXN$499.00
Gorra New Era 9 Forty Tie Dye Denim Red Bull Azul Unitalla,MXN$899.00
Gorra Malandro Gothic Skull Negro Unitalla,MXN$344.50
Gorra Malandro Death Poison Negro Unitalla,MXN$294.50
Gorra Fox Transposition Flexfit Gris/Azul,MXN$749.00
Gorra New Era 9 Forty Camo McLaren Gris Unitalla,MXN$899.00
Gorra Hurley HIHM0059 Phantom Resist Coastal Blue,MXN$799.00
Gorra Fox 23691 Non Stop Azul/Negro,MXN$749.00
Gorra Antifashion Snapback Parental Vino Unitalla,MXN$499.00
Gorra New Era 9 Forty Orbr Patch Ef Trucker Red Bull Negro Unitalla,MXN$899.00
Gorra Formula 1 Pirelli Podio 150 Anniversary Negro Unitalla,"MXN$1,499.00"
Gorra Hooey Dallas Obsidian Blanco Unitalla,MXN$899.00
Gorra Rvca Va Snapback Camo Unitalla,MXN$499.00
Gorra Hurley HNHM0002 One and Only Vino,MXN$829.00
Gorra Puma Flatbrim Rojo Unitalla,MXN$549.00
Gorra Puma 022822 Negro Unitalla,MXN$549.00
